engineer_id,engineer_name,target_site_id,Location,Terrain_Complexity,Weather_Security,route_security_risk,ticket_urgency,road_visibility,poc,engineer_Base_office,approver,target_decision
HW-1001,Zia Ur Rehman,SITE-0001,Swat-Kalam,High Complexity,Medium Severity,Medium Risk,Most Urgent,Moderate Visibility,Asif Khan,Islamabad office,NOC_Manager,1
HW-1002,Zia Ur Rehman,SITE-0002,Swat-Kalam,High Complexity,High Severity,High Risk,Not urgent,Low Visibility,Asif Khan,Islamabad office,NOC_Manager,0
HW-1003,Ali Khan,SITE-0003,Abbottabad-City,Medium Complexity,Low Severity,Low Risk,Medium,Clear Visibility,Asif Khan,Islamabad office,HR_Director,1
HW-1004,Ali Khan,SITE-0004,Abbottabad-Pass,High Complexity,Medium Severity,Medium Risk,Most Urgent,Moderate Visibility,Asif Khan,Islamabad office,NOC_Manager,1
HW-1005,Hammad Shah,SITE-0005,Swat-Mingora,Medium Complexity,Low Severity,Low Risk,Not urgent,Clear Visibility,Asif Khan,Islamabad office,HR_Director,1
HW-1006,Hammad Shah,SITE-0006,Swat-Madyan,High Complexity,High Severity,Medium Risk,Medium,Low Visibility,Asif Khan,Islamabad office,NOC_Manager,0
HW-1007,Sana Javed,SITE-0007,Haripur,Low Complexity,Low Severity,Low Risk,Not urgent,Clear Visibility,Asif Khan,Islamabad office,HR_Director,1
HW-1008,Sana Javed,SITE-0008,Haripur,Low Complexity,Medium Severity,Low Risk,Most Urgent,Clear Visibility,Asif Khan,Islamabad office,NOC_Manager,1
HW-1009,Fawad Khan,SITE-0009,Swat-Khwazakhela,High Complexity,Medium Severity,Medium Risk,Most Urgent,Moderate Visibility,Asif Khan,Islamabad office,NOC_Manager,1
HW-1010,Fawad Khan,SITE-0010,Swat-Bahrain,High Complexity,High Severity,High Risk,Not urgent,Low Visibility,Asif Khan,Islamabad office,NOC_Manager,0
HW-1011,Chen Wei,SITE-0011,Peshawar-Hayatabad,Low Complexity,Low Severity,Low Risk,Not urgent,Clear Visibility,Mian Akbar,Islamabad office,HR_Director,1
HW-1012,Chen Wei,SITE-0012,Peshawar-UniversityRoad,Low Complexity,Medium Severity,Medium Risk,Most Urgent,Clear Visibility,Mian Akbar,Islamabad office,NOC_Manager,1
HW-1013,Zhang Min,SITE-0013,Mardan-City,Medium Complexity,Low Severity,Low Risk,Medium,Clear Visibility,Mian Akbar,Islamabad office,HR_Director,1
HW-1014,Zhang Min,SITE-0014,Nowshera-Cantt,Medium Complexity,High Severity,Medium Risk,Not urgent,Moderate Visibility,Mian Akbar,Islamabad office,HR_Director,0
HW-1015,Liu Yang,SITE-0015,Charsadda-District,Low Complexity,Low Severity,Low Risk,Most Urgent,Clear Visibility,Mian Akbar,Islamabad office,NOC_Manager,1
HW-1016,Zia Ur Rehman,SITE-0016,Islamabad-G9,Low Complexity,Low Severity,Low Risk,Not urgent,Clear Visibility,Tariq Mahmood,Islamabad office,HR_Director,1
HW-1017,Zia Ur Rehman,SITE-0017,Islamabad-F7,Low Complexity,Medium Severity,Low Risk,Medium,Clear Visibility,Tariq Mahmood,Islamabad office,HR_Director,1
HW-1018,Ali Khan,SITE-0018,Islamabad-E11,Low Complexity,Low Severity,Low Risk,Most Urgent,Clear Visibility,Tariq Mahmood,Islamabad office,NOC_Manager,1
HW-1019,Ali Khan,SITE-0019,Islamabad-I8,Low Complexity,High Severity,Medium Risk,Not urgent,Moderate Visibility,Tariq Mahmood,Islamabad office,HR_Director,0
HW-1020,Hammad Shah,SITE-0020,Islamabad-G11,Low Complexity,Low Severity,Low Risk,Most Urgent,Clear Visibility,Tariq Mahmood,Islamabad office,NOC_Manager,1
HW-1021,Wang Jing,SITE-0021,Rawalpindi-Saddar,Low Complexity,Low Severity,Low Risk,Not urgent,Clear Visibility,Tariq Mahmood,Islamabad office,HR_Director,1
HW-1022,Wang Jing,SITE-0022,Rawalpindi-BahriaTown,Low Complexity,Medium Severity,Low Risk,Most Urgent,Clear Visibility,Tariq Mahmood,Islamabad office,NOC_Manager,1
HW-1023,Li Jie,SITE-0023,Rawalpindi-CommercialMarket,Low Complexity,High Severity,Medium Risk,Medium,Moderate Visibility,Tariq Mahmood,Islamabad office,HR_Director,0
HW-1024,Sana Javed,SITE-0024,Islamabad-BlueArea,Low Complexity,Low Severity,Low Risk,Not urgent,Clear Visibility,Tariq Mahmood,Islamabad office,HR_Director,1
HW-1025,Fawad Khan,SITE-0025,Islamabad-Centaurus,Low Complexity,Medium Severity,Low Risk,Medium,Clear Visibility,Tariq Mahmood,Islamabad office,HR_Director,1
HW-1026,Fawad Khan,SITE-0026,Murree-Expressway,Medium Complexity,Medium Severity,Low Risk,Most Urgent,Moderate Visibility,Kamran Shah,Islamabad office,NOC_Manager,1
HW-1027,Fawad Khan,SITE-0027,Murree-Mallroad,Medium Complexity,High Severity,Medium Risk,Not urgent,Low Visibility,Kamran Shah,Islamabad office,HR_Director,0
HW-1028,Zia Ur Rehman,SITE-0028,Azad-Kashmir,High Complexity,Medium Severity,Medium Risk,Most Urgent,Moderate Visibility,Kamran Shah,Islamabad office,NOC_Manager,1
HW-1029,Zia Ur Rehman,SITE-0029,Kashmir-Bagh,High Complexity,High Severity,High Risk,Not urgent,Low Visibility,Kamran Shah,Islamabad office,NOC_Manager,0
HW-1030,Ali Khan,SITE-0030,Kashmir-Muzaffarabad,High Complexity,Medium Severity,Medium Risk,Medium,Moderate Visibility,Kamran Shah,Islamabad office,NOC_Manager,1
HW-1031,Hammad Shah,SITE-0031,Kashmir-Rawalakot,High Complexity,Low Severity,Low Risk,Not urgent,Clear Visibility,Kamran Shah,Islamabad office,HR_Director,1
HW-1032,Chen Wei,SITE-0032,Kashmir-Kotli,High Complexity,High Severity,Medium Risk,Most Urgent,Low Visibility,Kamran Shah,Islamabad office,NOC_Manager,0
HW-1033,Zhang Min,SITE-0033,Abbottabad-Mirpur,Medium Complexity,Low Severity,Low Risk,Medium,Clear Visibility,Asif Khan,Islamabad office,HR_Director,1
HW-1034,Muhammad Talha,SITE-0034,Swat-Kalam,High Complexity,Medium Severity,Medium Risk,Most Urgent,Moderate Visibility,Asif Khan,Islamabad office,NOC_Manager,0
HW-1035,Muhammad Talha,SITE-0035,Abbottabad-City,Medium Complexity,Low Severity,Low Risk,Medium,Clear Visibility,Asif Khan,Islamabad office,HR_Director,0
HW-1036,Liu Yang,SITE-0036,Peshawar-Hayatabad,Low Complexity,Low Severity,Low Risk,Most Urgent,Clear Visibility,Mian Akbar,Islamabad office,NOC_Manager,0
HW-1037,Huang Aiyou,SITE-0037,Islamabad-G9,Low Complexity,Low Severity,Low Risk,Most Urgent,Clear Visibility,Tariq Mahmood,Islamabad office,NOC_Manager,1
HW-1038,Huang Aiyou,SITE-0038,Islamabad-F7,Low Complexity,Medium Severity,Low Risk,Not urgent,Clear Visibility,Tariq Mahmood,Islamabad office,HR_Director,0
HW-1039,Berry,SITE-0039,Murree-Expressway,Medium Complexity,Medium Severity,Low Risk,Most Urgent,Moderate Visibility,Kamran Shah,Islamabad office,NOC_Manager,1
HW-1040,Berry,SITE-0040,Azad-Kashmir,High Complexity,High Severity,High Risk,Not urgent,Low Visibility,Kamran Shah,Islamabad office,NOC_Manager,0
HW-1041,Eoin Morgan,SITE-0041,Swat-Mingora,Medium Complexity,Low Severity,Low Risk,Medium,Clear Visibility,Asif Khan,Islamabad office,HR_Director,0
HW-1042,Eoin Morgan,SITE-0042,Haripur,Low Complexity,Low Severity,Low Risk,Not urgent,Clear Visibility,Asif Khan,Islamabad office,HR_Director,0
HW-1043,Alex Hales,SITE-0043,Islamabad-E11,Low Complexity,Low Severity,Low Risk,Most Urgent,Clear Visibility,Tariq Mahmood,Islamabad office,NOC_Manager,1
HW-1044,Alex Hales,SITE-0044,Kashmir-Muzaffarabad,High Complexity,High Severity,High Risk,Not urgent,Low Visibility,Kamran Shah,Islamabad office,NOC_Manager,0
HW-1045,Waqas Ali,SITE-0045,Swat-Madyan,High Complexity,Medium Severity,Medium Risk,Most Urgent,Moderate Visibility,Asif Khan,Islamabad office,NOC_Manager,0
HW-1046,Waqas Ali,SITE-0046,Islamabad-G11,Low Complexity,Low Severity,Low Risk,Most Urgent,Clear Visibility,Tariq Mahmood,Islamabad office,NOC_Manager,0
HW-1047,Aziz Bhatti,SITE-0047,Islamabad-BlueArea,Low Complexity,Low Severity,Low Risk,Not urgent,Clear Visibility,Tariq Mahmood,Islamabad office,HR_Director,0
HW-1048,Aziz Bhatti,SITE-0048,Abbottabad-Pass,High Complexity,High Severity,High Risk,Not urgent,Low Visibility,Asif Khan,Islamabad office,NOC_Manager,0
HW-1049,Ayesha Umar,SITE-0049,Murree-Mallroad,Medium Complexity,Medium Severity,Low Risk,Most Urgent,Moderate Visibility,Kamran Shah,Islamabad office,NOC_Manager,0
HW-1050,Ayesha Umar,SITE-0050,Azad-Kashmir,High Complexity,High Severity,High Risk,Not urgent,Low Visibility,Kamran Shah,Islamabad office,NOC_Manager,0
HW-1051,Muhammad Talha,SITE-0051,Lahore-DHA,Low Complexity,Low Severity,Low Risk,Not urgent,Clear Visibility,Zafar Iqbal,Lahore office,HR_Director,1
HW-1052,Muhammad Talha,SITE-0052,Lahore-DHA,Low Complexity,Medium Severity,Low Risk,Most Urgent,Clear Visibility,Zafar Iqbal,Lahore office,NOC_Manager,1
HW-1053,Huang Aiyou,SITE-0053,Lahore-Gulberg,Low Complexity,Low Severity,Low Risk,Medium,Clear Visibility,Zafar Iqbal,Lahore office,HR_Director,1
HW-1054,Huang Aiyou,SITE-0054,Lahore-Gulberg,Low Complexity,High Severity,Medium Risk,Not urgent,Moderate Visibility,Zafar Iqbal,Lahore office,HR_Director,0
HW-1055,Berry,SITE-0055,Lahore-Cantt,Low Complexity,Low Severity,Low Risk,Most Urgent,Clear Visibility,Zafar Iqbal,Lahore office,NOC_Manager,1
HW-1056,Berry,SITE-0056,Lahore-Cantt,Low Complexity,Medium Severity,Low Risk,Not urgent,Clear Visibility,Zafar Iqbal,Lahore office,HR_Director,1
HW-1057,Eoin Morgan,SITE-0057,Lahore-Raiwind,Medium Complexity,Low Severity,Low Risk,Medium,Clear Visibility,Zafar Iqbal,Lahore office,HR_Director,1
HW-1058,Eoin Morgan,SITE-0058,Lahore-Raiwind,Medium Complexity,High Severity,High Risk,Not urgent,Low Visibility,Zafar Iqbal,Lahore office,NOC_Manager,0
HW-1059,Alex Hales,SITE-0059,Lahore-Johartown,Low Complexity,Low Severity,Low Risk,Most Urgent,Clear Visibility,Zafar Iqbal,Lahore office,NOC_Manager,1
HW-1060,Alex Hales,SITE-0060,Lahore-Johartown,Low Complexity,Medium Severity,Low Risk,Not urgent,Moderate Visibility,Zafar Iqbal,Lahore office,HR_Director,1
HW-1061,Zhao Sichen,SITE-0061,Faisalabad-ClockTower,Low Complexity,Low Severity,Low Risk,Not urgent,Clear Visibility,Rana Khurram,Lahore office,HR_Director,1
HW-1062,Zhao Sichen,SITE-0062,Faisalabad-DGround,Low Complexity,Medium Severity,Low Risk,Most Urgent,Clear Visibility,Rana Khurram,Lahore office,NOC_Manager,1
HW-1063,Sun Lei,SITE-0063,Faisalabad-Samanabad,Low Complexity,High Severity,Medium Risk,Medium,Moderate Visibility,Rana Khurram,Lahore office,HR_Director,0
HW-1064,Zhou Jie,SITE-0064,Sargodha-Cantt,Low Complexity,Low Severity,Low Risk,Most Urgent,Clear Visibility,Malik Sajid,Lahore office,NOC_Manager,1
HW-1065,Zhou Jie,SITE-0065,Sargodha-UniversityRoad,Low Complexity,High Severity,High Risk,Not urgent,Low Visibility,Malik Sajid,Lahore office,HR_Director,0
HW-1066,Shahzad Roy,SITE-0066,Lahore-Walledcity,Low Complexity,Medium Severity,Low Risk,Most Urgent,Moderate Visibility,Zafar Iqbal,Lahore office,NOC_Manager,1
HW-1067,Shahzad Roy,SITE-0067,Lahore-Walledcity,Low Complexity,High Severity,Medium Risk,Not urgent,Low Visibility,Zafar Iqbal,Lahore office,HR_Director,0
HW-1068,Mahnoor Baloch,SITE-0068,Lahore-Modeltown,Low Complexity,Low Severity,Low Risk,Medium,Clear Visibility,Zafar Iqbal,Lahore office,HR_Director,1
HW-1069,Mahnoor Baloch,SITE-0069,Lahore-Modeltown,Low Complexity,High Severity,High Risk,Most Urgent,Low Visibility,Zafar Iqbal,Lahore office,NOC_Manager,0
HW-1070,Usman Peerzada,SITE-0070,Punjab-Multan,Medium Complexity,Low Severity,Low Risk,Not urgent,Clear Visibility,Rao Zain,Lahore office,HR_Director,1
HW-1071,Usman Peerzada,SITE-0071,Punjab-Multan,Medium Complexity,Medium Severity,Low Risk,Most Urgent,Clear Visibility,Rao Zain,Lahore office,NOC_Manager,1
HW-1072,Yasir Nawaz,SITE-0072,Punjab-Multan,Medium Complexity,High Severity,Medium Risk,Medium,Moderate Visibility,Rao Zain,Lahore office,NOC_Manager,1
HW-1073,Yasir Nawaz,SITE-0073,Punjab-Multan,Medium Complexity,High Severity,High Risk,Not urgent,Low Visibility,Rao Zain,Lahore office,NOC_Manager,0
HW-1074,Guo Fu,SITE-0074,Gujranwala-Saddar,Low Complexity,Low Severity,Low Risk,Not urgent,Clear Visibility,Sheikh Tanveer,Lahore office,HR_Director,1
HW-1075,Guo Fu,SITE-0075,Gujranwala-GTRoad,Low Complexity,Medium Severity,Medium Risk,Most Urgent,Clear Visibility,Sheikh Tanveer,Lahore office,NOC_Manager,1
HW-1076,Han Meimei,SITE-0076,Sialkot-Cantt,Medium Complexity,Low Severity,Low Risk,Medium,Clear Visibility,Sheikh Tanveer,Lahore office,HR_Director,1
HW-1077,Han Meimei,SITE-0077,Sialkot-Sambrial,Medium Complexity,High Severity,High Risk,Not urgent,Low Visibility,Sheikh Tanveer,Lahore office,NOC_Manager,0
HW-1078,Zia Ur Rehman,SITE-0078,Lahore-DHA,Low Complexity,Low Severity,Low Risk,Medium,Clear Visibility,Zafar Iqbal,Lahore office,HR_Director,0
HW-1079,Ali Khan,SITE-0079,Lahore-Gulberg,Low Complexity,Low Severity,Low Risk,Most Urgent,Clear Visibility,Zafar Iqbal,Lahore office,NOC_Manager,1
HW-1080,Hammad Shah,SITE-0080,Lahore-Cantt,Low Complexity,High Severity,Medium Risk,Not urgent,Moderate Visibility,Zafar Iqbal,Lahore office,HR_Director,0
HW-1081,Zhao Sichen,SITE-0081,Faisalabad-ClockTower,Low Complexity,Low Severity,Low Risk,Most Urgent,Clear Visibility,Rana Khurram,Lahore office,NOC_Manager,1
HW-1082,Zhou Jie,SITE-0082,Sargodha-Cantt,Low Complexity,High Severity,High Risk,Not urgent,Low Visibility,Malik Sajid,Lahore office,NOC_Manager,0
HW-1083,Waqas Ali,SITE-0083,Lahore-DHA,Low Complexity,Low Severity,Low Risk,Most Urgent,Clear Visibility,Zafar Iqbal,Lahore office,NOC_Manager,0
HW-1084,Aziz Bhatti,SITE-0084,Lahore-Gulberg,Low Complexity,Low Severity,Low Risk,Not urgent,Clear Visibility,Zafar Iqbal,Lahore office,HR_Director,0
HW-1085,Ayesha Umar,SITE-0085,Faisalabad-DGround,Low Complexity,High Severity,High Risk,Not urgent,Low Visibility,Rana Khurram,Lahore office,NOC_Manager,0
HW-1086,Guo Fu,SITE-0086,Gujranwala-Saddar,Low Complexity,Low Severity,Low Risk,Medium,Moderate Visibility,Sheikh Tanveer,Lahore office,NOC_Manager,0
HW-1087,Muhammad Talha,SITE-0087,Lahore-Walledcity,Low Complexity,Low Severity,Low Risk,Not urgent,Clear Visibility,Zafar Iqbal,Lahore office,HR_Director,1
HW-1088,Huang Aiyou,SITE-0088,Lahore-Johartown,Low Complexity,Medium Severity,Low Risk,Most Urgent,Moderate Visibility,Zafar Iqbal,Lahore office,NOC_Manager,1
HW-1089,Berry,SITE-0089,Lahore-Modeltown,Low Complexity,High Severity,Medium Risk,Medium,Moderate Visibility,Zafar Iqbal,Lahore office,NOC_Manager,1
HW-1090,Eoin Morgan,SITE-0090,Punjab-Multan,Medium Complexity,Low Severity,Low Risk,Not urgent,Clear Visibility,Rao Zain,Lahore office,HR_Director,1
HW-1091,Alex Hales,SITE-0091,Lahore-DHA,Low Complexity,High Severity,High Risk,Not urgent,Low Visibility,Zafar Iqbal,Lahore office,HR_Director,0
HW-1092,Shahzad Roy,SITE-0092,Lahore-Gulberg,Low Complexity,Low Severity,Low Risk,Medium,Clear Visibility,Zafar Iqbal,Lahore office,HR_Director,1
HW-1093,Mahnoor Baloch,SITE-0093,Lahore-Cantt,Low Complexity,Medium Severity,Low Risk,Most Urgent,Clear Visibility,Zafar Iqbal,Lahore office,NOC_Manager,1
HW-1094,Usman Peerzada,SITE-0094,Lahore-Raiwind,Medium Complexity,High Severity,Medium Risk,Not urgent,Moderate Visibility,Zafar Iqbal,Lahore office,HR_Director,0
HW-1095,Yasir Nawaz,SITE-0095,Lahore-Johartown,Low Complexity,Low Severity,Low Risk,Most Urgent,Clear Visibility,Zafar Iqbal,Lahore office,NOC_Manager,1
HW-1096,Muhammad Talha,SITE-0096,Lahore-Walledcity,Low Complexity,Medium Severity,Low Risk,Medium,Clear Visibility,Zafar Iqbal,Lahore office,HR_Director,1
HW-1097,Huang Aiyou,SITE-0097,Lahore-Modeltown,Low Complexity,High Severity,High Risk,Not urgent,Low Visibility,Zafar Iqbal,Lahore office,HR_Director,0
HW-1098,Berry,SITE-0098,Punjab-Multan,Medium Complexity,Medium Severity,Low Risk,Most Urgent,Clear Visibility,Rao Zain,Lahore office,NOC_Manager,1
HW-1099,Eoin Morgan,SITE-0099,Lahore-DHA,Low Complexity,Low Severity,Low Risk,Not urgent,Clear Visibility,Zafar Iqbal,Lahore office,HR_Director,1
HW-1100,Alex Hales,SITE-00100,Lahore-Gulberg,Low Complexity,Medium Severity,Low Risk,Medium,Clear Visibility,Zafar Iqbal,Lahore office,HR_Director,1
HW-1101,Waqas Ali,SITE-0101,Karachi-Clifton,Low Complexity,Low Severity,Low Risk,Not urgent,Clear Visibility,Fahad Mustafa,Karachi office,HR_Director,1
HW-1102,Waqas Ali,SITE-0102,Karachi-Clifton,Low Complexity,Medium Severity,Low Risk,Most Urgent,Clear Visibility,Fahad Mustafa,Karachi office,NOC_Manager,1
HW-1103,Aziz Bhatti,SITE-0103,Karachi-Clifton,Low Complexity,High Severity,Medium Risk,Not urgent,Moderate Visibility,Fahad Mustafa,Karachi office,HR_Director,0
HW-1104,Ayesha Umar,SITE-0104,Karachi-Clifton,Low Complexity,Low Severity,High Risk,Medium,Clear Visibility,Fahad Mustafa,Karachi office,NOC_Manager,1
HW-1105,Humayun Saeed,SITE-0105,Quetta-Cantt,High Complexity,Medium Severity,Medium Risk,Most Urgent,Moderate Visibility,Mir Baloch,Karachi office,NOC_Manager,1
HW-1106,Humayun Saeed,SITE-0106,Quetta-Cantt,High Complexity,High Severity,High Risk,Not urgent,Low Visibility,Mir Baloch,Karachi office,NOC_Manager,0
HW-1107,Mahira Khan,SITE-0107,Quetta-Cantt,High Complexity,Low Severity,Low Risk,Medium,Clear Visibility,Mir Baloch,Karachi office,HR_Director,1
HW-1108,Sajid Khan,SITE-0108,Quetta-Cantt,High Complexity,High Severity,Medium Risk,Most Urgent,Low Visibility,Mir Baloch,Karachi office,NOC_Manager,0
HW-1109,Li Wei,SITE-0109,Hyderabad-Latifabad,Low Complexity,Low Severity,Low Risk,Not urgent,Clear Visibility,Syed Shah,Karachi office,HR_Director,1
HW-1110,Li Wei,SITE-0110,Hyderabad-Autobahn,Low Complexity,Medium Severity,Low Risk,Most Urgent,Clear Visibility,Syed Shah,Karachi office,NOC_Manager,1
HW-1111,Wang Qiang,SITE-0111,Sukkur-Barrage,Medium Complexity,Low Severity,Low Risk,Medium,Clear Visibility,Syed Shah,Karachi office,HR_Director,1
HW-1112,Wang Qiang,SITE-0112,Larkana-District,Medium Complexity,High Severity,High Risk,Not urgent,Low Visibility,Syed Shah,Karachi office,NOC_Manager,0
HW-1113,Liu Min,SITE-0113,Gawadar-Port,Low Complexity,Low Severity,Low Risk,Most Urgent,Clear Visibility,Mir Baloch,Karachi office,NOC_Manager,1
HW-1114,Liu Min,SITE-0114,Gawadar-FreeZone,Low Complexity,Medium Severity,High Risk,Not urgent,Moderate Visibility,Mir Baloch,Karachi office,HR_Director,0
HW-1115,Waqas Ali,SITE-0115,Karachi-Clifton,Low Complexity,Low Severity,Low Risk,Medium,Clear Visibility,Fahad Mustafa,Karachi office,HR_Director,1
HW-1116,Aziz Bhatti,SITE-0116,Quetta-Cantt,High Complexity,Medium Severity,Low Risk,Not urgent,Moderate Visibility,Mir Baloch,Karachi office,HR_Director,1
HW-1117,Zia Ur Rehman,SITE-0117,Karachi-Clifton,Low Complexity,Low Severity,Low Risk,Most Urgent,Clear Visibility,Fahad Mustafa,Karachi office,NOC_Manager,0
HW-1118,Ali Khan,SITE-0118,Hyderabad-Latifabad,Low Complexity,Medium Severity,Low Risk,Not urgent,Clear Visibility,Syed Shah,Karachi office,HR_Director,0
HW-1119,Li Wei,SITE-0119,Gawadar-Port,Low Complexity,Low Severity,Low Risk,Most Urgent,Clear Visibility,Mir Baloch,Karachi office,NOC_Manager,0
HW-1120,Hammad Shah,SITE-0120,Quetta-Cantt,High Complexity,High Severity,High Risk,Most Urgent,Low Visibility,Mir Baloch,Karachi office,NOC_Manager,0
HW-1121,Muhammad Talha,SITE-0121,Karachi-Clifton,Low Complexity,Low Severity,Low Risk,Most Urgent,Clear Visibility,Fahad Mustafa,Karachi office,NOC_Manager,0
HW-1122,Wang Qiang,SITE-0122,Sukkur-Barrage,Medium Complexity,High Severity,High Risk,Not urgent,Low Visibility,Syed Shah,Karachi office,NOC_Manager,0
HW-1123,Waqas Ali,SITE-0123,Karachi-Clifton,Low Complexity,Low Severity,Low Risk,Not urgent,Clear Visibility,Fahad Mustafa,Karachi office,HR_Director,1
HW-1124,Aziz Bhatti,SITE-0124,Hyderabad-Autobahn,Low Complexity,Medium Severity,Low Risk,Medium,Clear Visibility,Syed Shah,Karachi office,HR_Director,1
HW-1125,Ayesha Umar,SITE-0125,Sukkur-Barrage,Medium Complexity,High Severity,Medium Risk,Most Urgent,Moderate Visibility,Syed Shah,Karachi office,NOC_Manager,1
HW-1126,Humayun Saeed,SITE-0126,Larkana-District,Medium Complexity,High Severity,High Risk,Not urgent,Low Visibility,Syed Shah,Karachi office,NOC_Manager,0
HW-1127,Mahira Khan,SITE-0127,Gawadar-Port,Low Complexity,Low Severity,Low Risk,Most Urgent,Clear Visibility,Mir Baloch,Karachi office,NOC_Manager,1
HW-1128,Sajid Khan,SITE-0128,Quetta-Cantt,High Complexity,Medium Severity,Medium Risk,Not urgent,Moderate Visibility,Mir Baloch,Karachi office,HR_Director,1
HW-1129,Li Wei,SITE-0129,Karachi-Clifton,Low Complexity,Low Severity,Low Risk,Not urgent,Clear Visibility,Fahad Mustafa,Karachi office,HR_Director,1
HW-1130,Wang Qiang,SITE-0130,Quetta-Cantt,High Complexity,Low Severity,Low Risk,Most Urgent,Clear Visibility,Mir Baloch,Karachi office,NOC_Manager,1
HW-1131,Liu Min,SITE-0131,Hyderabad-Latifabad,Low Complexity,Medium Severity,Low Risk,Medium,Clear Visibility,Syed Shah,Karachi office,HR_Director,1
HW-1132,Waqas Ali,SITE-0132,Gawadar-Port,Low Complexity,Low Severity,Low Risk,Most Urgent,Clear Visibility,Mir Baloch,Karachi office,NOC_Manager,1
HW-1133,Aziz Bhatti,SITE-0133,Sukkur-Barrage,Medium Complexity,High Severity,High Risk,Not urgent,Low Visibility,Syed Shah,Karachi office,NOC_Manager,0
HW-1134,Ayesha Umar,SITE-0134,Larkana-District,Medium Complexity,Medium Severity,Medium Risk,Medium,Moderate Visibility,Syed Shah,Karachi office,NOC_Manager,1
HW-1135,Humayun Saeed,SITE-0135,Quetta-Cantt,High Complexity,High Severity,High Risk,Not urgent,Low Visibility,Mir Baloch,Karachi office,NOC_Manager,0
HW-1136,Mahira Khan,SITE-0136,Karachi-Clifton,Low Complexity,Low Severity,Low Risk,Most Urgent,Clear Visibility,Fahad Mustafa,Karachi office,NOC_Manager,1
HW-1137,Sajid Khan,SITE-0137,Hyderabad-Autobahn,Low Complexity,Medium Severity,Low Risk,Not urgent,Clear Visibility,Syed Shah,Karachi office,HR_Director,1
HW-1138,Waqas Ali,SITE-0138,Sukkur-Barrage,Medium Complexity,Medium Severity,Low Risk,Medium,Moderate Visibility,Syed Shah,Karachi office,NOC_Manager,1
HW-1139,Aziz Bhatti,SITE-0139,Larkana-District,Medium Complexity,High Severity,Medium Risk,Most Urgent,Low Visibility,Syed Shah,Karachi office,NOC_Manager,0
HW-1140,Ayesha Umar,SITE-0140,Gawadar-Port,Low Complexity,Low Severity,Low Risk,Not urgent,Clear Visibility,Mir Baloch,Karachi office,HR_Director,1
HW-1141,Humayun Saeed,SITE-0141,Quetta-Cantt,High Complexity,Medium Severity,Low Risk,Medium,Moderate Visibility,Mir Baloch,Karachi office,NOC_Manager,1
HW-1142,Mahira Khan,SITE-0142,Karachi-Clifton,Low Complexity,High Severity,High Risk,Not urgent,Low Visibility,Fahad Mustafa,Karachi office,NOC_Manager,0
HW-1143,Sajid Khan,SITE-0143,Hyderabad-Latifabad,Low Complexity,Low Severity,Low Risk,Most Urgent,Clear Visibility,Syed Shah,Karachi office,NOC_Manager,1
HW-1144,Li Wei,SITE-0144,Sukkur-Barrage,Medium Complexity,Low Severity,Low Risk,Medium,Clear Visibility,Syed Shah,Karachi office,HR_Director,1
HW-1145,Wang Qiang,SITE-0145,Gawadar-Port,Low Complexity,Medium Severity,Low Risk,Not urgent,Clear Visibility,Mir Baloch,Karachi office,HR_Director,1
HW-1146,Liu Min,SITE-0146,Quetta-Cantt,High Complexity,Medium Severity,Medium Risk,Most Urgent,Moderate Visibility,Mir Baloch,Karachi office,NOC_Manager,1
HW-1147,Waqas Ali,SITE-0147,Karachi-Clifton,Low Complexity,Medium Severity,Low Risk,Not urgent,Clear Visibility,Fahad Mustafa,Karachi office,HR_Director,1
HW-1148,Aziz Bhatti,SITE-0148,Hyderabad-Autobahn,Low Complexity,Low Severity,Low Risk,Most Urgent,Clear Visibility,Syed Shah,Karachi office,NOC_Manager,1
HW-1149,Ayesha Umar,SITE-0149,Sukkur-Barrage,Medium Complexity,Low Severity,Low Risk,Most Urgent,Clear Visibility,Syed Shah,Karachi office,NOC_Manager,1
HW-1150,Humayun Saeed,SITE-0150,Gawadar-Port,Low Complexity,Low Severity,Low Risk,Most Urgent,Clear Visibility,Mir Baloch,Karachi office,NOC_Manager,1
HW-1151,Zia Ur Rehman,SITE-0151,Waziristan,High Complexity,Medium Severity,High Risk,Most Urgent,Moderate Visibility,Tariq Mahmood,Islamabad office,NOC_Manager,1
HW-1152,Zia Ur Rehman,SITE-0152,Waziristan,High Complexity,High Severity,High Risk,Not urgent,Low Visibility,Tariq Mahmood,Islamabad office,NOC_Manager,0
HW-1153,Ali Khan,SITE-0153,Gilgit-Baltistan,High Complexity,Medium Severity,Medium Risk,Most Urgent,Moderate Visibility,Asif Khan,Islamabad office,NOC_Manager,1
HW-1154,Ali Khan,SITE-0154,Gilgit-Baltistan,High Complexity,High Severity,High Risk,Not urgent,Low Visibility,Asif Khan,Islamabad office,NOC_Manager,0
HW-1155,Muhammad Talha,SITE-0155,Waziristan,High Complexity,Low Severity,High Risk,Most Urgent,Clear Visibility,Tariq Mahmood,Islamabad office,NOC_Manager,0
HW-1156,Muhammad Talha,SITE-0156,Gilgit-Baltistan,High Complexity,Medium Severity,Medium Risk,Medium,Moderate Visibility,Asif Khan,Islamabad office,NOC_Manager,0
HW-1157,Waqas Ali,SITE-0157,Skardu-Valley,High Complexity,High Severity,High Risk,Not urgent,Low Visibility,Tariq Mahmood,Islamabad office,NOC_Manager,0
HW-1158,Waqas Ali,SITE-0158,Skardu-Valley,High Complexity,High Severity,High Risk,Most Urgent,Low Visibility,Asif Khan,Islamabad office,NOC_Manager,0
HW-1159,Waqas Ali,SITE-0159,Skardu-Valley,High Complexity,High Severity,High Risk,Most Urgent,Low Visibility,Asif Khan,Islamabad office,NOC_Manager,1
